Words,Count,Year
store,24,2010
pbm,23,2010
pharmaci,22,2010
year,22,2010
percent,21,2010
expect,18,2010
care,16,2010
retail,15,2010
us,14,2010
billion,13,2010
new,12,2010
improv,12,2010
health,12,2010
busi,11,2010
growth,11,2010
program,10,2010
offer,10,2010
signific,10,2010
plan,10,2010
grow,10,2010
approxim,10,2010
well,10,2010
increas,9,2010
medicar,9,2010
help,9,2010
specialti,9,2010
close,9,2010
cost,9,2010
perform,9,2010
return,8,2010
care,23,2011
store,22,2011
health,21,2011
pbm,17,2011
busi,17,2011
year,16,2011
percent,16,2011
pharmaci,16,2011
retail,14,2011
increas,13,2011
us,12,2011
integr,11,2011
billion,10,2011
client,10,2011
continu,10,2011
cost,10,2011
sale,9,2011
minuteclin,9,2011
offer,9,2011
program,9,2011
front,8,2011
share,8,2011
well,7,2011
approxim,7,2011
deliv,7,2011
signific,7,2011
adher,7,2011
prescript,7,2011
gain,6,2011
mainten,6,2011
care,30,2012
health,25,2012
store,23,2012
year,22,2012
percent,20,2012
growth,20,2012
pharmaci,17,2012
custom,16,2012
new,15,2012
increas,15,2012
cost,13,2012
market,13,2012
busi,13,2012
us,12,2012
continu,12,2012
grow,10,2012
million,10,2012
valu,10,2012
gain,9,2012
billion,9,2012
patient,9,2012
share,9,2012
retail,9,2012
state,9,2012
well,9,2012
pbm,9,2012
minuteclin,8,2012
specialti,8,2012
servic,8,2012
client,8,2012
health,42,2013
care,37,2013
percent,26,2013
year,21,2013
plan,19,2013
store,18,2013
market,18,2013
retail,17,2013
specialti,16,2013
share,16,2013
pharmaci,16,2013
billion,15,2013
patient,14,2013
cost,14,2013
million,14,2013
pbm,13,2013
growth,13,2013
program,13,2013
new,13,2013
us,13,2013
offer,13,2013
manag,12,2013
medic,12,2013
client,12,2013
caremark,11,2013
expect,11,2013
cvs,11,2013
medicar,11,2013
medicaid,11,2013
continu,10,2013
health,35,2014
percent,29,2014
care,24,2014
growth,22,2014
pharmaci,21,2014
year,20,2014
share,20,2014
us,19,2014
store,19,2014
cost,18,2014
continu,18,2014
plan,17,2014
increas,16,2014
billion,15,2014
new,15,2014
servic,14,2014
specialti,14,2014
provid,13,2014
program,12,2014
manag,12,2014
drug,12,2014
market,11,2014
retail,11,2014
offer,11,2014
million,11,2014
cvspharmaci,11,2014
drive,10,2014
patient,10,2014
prescript,10,2014
member,9,2014
percent,37,2015
cvs,37,2015
health,36,2015
pharmaci,29,2015
store,24,2015
care,22,2015
specialti,17,2015
client,17,2015
growth,16,2015
patient,15,2015
market,15,2015
year,15,2015
offer,14,2015
busi,13,2015
increas,13,2015
retail,13,2015
medic,12,2015
drive,12,2015
us,12,2015
prescript,12,2015
locat,11,2015
plan,11,2015
target,11,2015
help,11,2015
billion,11,2015
new,11,2015
servic,10,2015
cost,10,2015
expand,9,2015
includ,9,2015
health,38,2016
cvs,32,2016
pharmaci,31,2016
percent,31,2016
care,22,2016
growth,19,2016
store,17,2016
specialti,16,2016
us,16,2016
market,15,2016
patient,14,2016
prescript,14,2016
offer,13,2016
drug,13,2016
year,13,2016
help,13,2016
continu,13,2016
retail,12,2016
plan,12,2016
integr,12,2016
provid,11,2016
million,11,2016
rate,11,2016
valu,11,2016
manag,11,2016
client,10,2016
industri,10,2016
billion,10,2016
high,10,2016
new,10,2016
health,29,2017
pharmaci,21,2017
care,19,2017
percent,18,2017
prescript,17,2017
cvs,17,2017
specialti,16,2017
store,15,2017
plan,14,2017
client,14,2017
billion,13,2017
us,12,2017
new,12,2017
help,12,2017
growth,11,2017
opioid,10,2017
member,9,2017
servic,9,2017
share,9,2017
network,9,2017
million,9,2017
revenu,9,2017
cost,9,2017
patient,9,2017
manag,9,2017
pbm,8,2017
medicar,7,2017
dispens,7,2017
year,7,2017
make,7,2017
health,27,2018
care,19,2018
new,16,2018
cvs,16,2018
billion,11,2018
percent,11,2018
aetna,11,2018
program,9,2018
plan,9,2018
continu,9,2018
custom,8,2018
busi,8,2018
patient,7,2018
cost,7,2018
pharmaci,7,2018
servic,7,2018
cash,6,2018
flow,6,2018
increas,6,2018
free,6,2018
consum,6,2018
part,6,2018
oper,6,2018
effort,5,2018
improv,5,2018
benefit,5,2018
term,5,2018
store,5,2018
creat,5,2018
revenu,5,2018
health,34,2019
care,29,2019
servic,20,2019
program,17,2019
percent,16,2019
pharmaci,14,2019
benefit,14,2019
billion,13,2019
cvs,12,2019
locat,12,2019
year,11,2019
offer,11,2019
includ,11,2019
medicar,11,2019
oper,10,2019
product,10,2019
new,10,2019
continu,10,2019
member,10,2019
increas,10,2019
plan,10,2019
enterpris,9,2019
across,9,2019
revenu,9,2019
consum,9,2019
million,9,2019
minuteclin,9,2019
cost,9,2019
save,8,2019
manag,8,2019
